GUM_academic_discrimination-1	1	the	2
GUM_academic_discrimination-1	3	of	4
GUM_academic_discrimination-1	4	discrimination	5
GUM_academic_discrimination-1	5	across	6
GUM_academic_discrimination-1	9	contemporary	8
GUM_academic_discrimination-1	10	America	11
GUM_academic_discrimination-1	8	in	11
GUM_academic_discrimination-1	7	group	11
GUM_academic_discrimination-1	6	racial	11
GUM_academic_discrimination-1	2	prevalence	11
GUM_academic_discrimination-2	2	from	1
GUM_academic_discrimination-2	1	result	3
GUM_academic_discrimination-2	5	representative	4
GUM_academic_discrimination-2	6	sample	7
GUM_academic_discrimination-2	7	of	8
GUM_academic_discrimination-3	1	introduction	2
GUM_academic_discrimination-4	1	personal	2
GUM_academic_discrimination-4	3	of	4
GUM_academic_discrimination-4	2	experience	4
GUM_academic_discrimination-4	4	discrimination	5
GUM_academic_discrimination-4	6	bias	7
GUM_academic_discrimination-4	7	have	5
GUM_academic_discrimination-4	8	be	7
GUM_academic_discrimination-4	9	the	7
GUM_academic_discrimination-4	5	and	10
GUM_academic_discrimination-4	12	much	11
GUM_academic_discrimination-4	13	social	14
GUM_academic_discrimination-4	11	of	14
GUM_academic_discrimination-4	10	focus	14
GUM_academic_discrimination-4	15	research	16
GUM_academic_discrimination-4	16	.	17
GUM_academic_discrimination-4	14	science	17
GUM_academic_discrimination-4	18	1	17
GUM_academic_discrimination-4	19	-	18
GUM_academic_discrimination-4	20	3	19
GUM_academic_discrimination-4	21	]	20
GUM_academic_discrimination-5	2	have	1
GUM_academic_discrimination-5	3	explore	2
GUM_academic_discrimination-5	4	the	5
GUM_academic_discrimination-5	7	of	8
GUM_academic_discrimination-5	8	discrimination	9
GUM_academic_discrimination-5	6	consequence	9
GUM_academic_discrimination-5	5	adverse	9
GUM_academic_discrimination-5	1	sociologist	9
GUM_academic_discrimination-5	10	3	9
GUM_academic_discrimination-5	11	-	10
GUM_academic_discrimination-5	12	5	11
GUM_academic_discrimination-5	13	]	12
GUM_academic_discrimination-5	14	;	11
GUM_academic_discrimination-6	2	have	1
GUM_academic_discrimination-6	3	examine	2
GUM_academic_discrimination-6	4	the	2
GUM_academic_discrimination-6	5	mental	6
GUM_academic_discrimination-6	1	psychologist	6
GUM_academic_discrimination-6	8	underpin	7
GUM_academic_discrimination-6	7	that	9
GUM_academic_discrimination-6	6	process	9
GUM_academic_discrimination-6	9	conscious	10
GUM_academic_discrimination-6	10	and	11
GUM_academic_discrimination-6	12	bias	13
GUM_academic_discrimination-6	11	unconscious	13
GUM_academic_discrimination-6	14	6	13
GUM_academic_discrimination-6	13	[	15
GUM_academic_discrimination-6	15	]	16
GUM_academic_discrimination-7	2	have	1
GUM_academic_discrimination-7	3	examine	2
GUM_academic_discrimination-7	4	the	2
GUM_academic_discrimination-7	7	of	8
GUM_academic_discrimination-7	8	discrimination	9
GUM_academic_discrimination-7	6	underpinning	9
GUM_academic_discrimination-7	5	neurobiological	9
GUM_academic_discrimination-7	1	neuroscientist	9
GUM_academic_discrimination-7	9	[	10
GUM_academic_discrimination-7	11	-	10
GUM_academic_discrimination-7	12	9	11
GUM_academic_discrimination-7	13	]	11
GUM_academic_discrimination-7	14	;	11
GUM_academic_discrimination-8	1	and	2
GUM_academic_discrimination-8	4	have	3
GUM_academic_discrimination-8	5	explore	4
GUM_academic_discrimination-8	7	various	6
GUM_academic_discrimination-8	9	that	10
GUM_academic_discrimination-8	11	-	10
GUM_academic_discrimination-8	12	group	11
GUM_academic_discrimination-8	13	/	11
GUM_academic_discrimination-8	14	out	13
GUM_academic_discrimination-8	15	-	14
GUM_academic_discrimination-8	16	group	15
GUM_academic_discrimination-8	17	bias	15
GUM_academic_discrimination-8	19	across	18
GUM_academic_discrimination-8	20	the	19
GUM_academic_discrimination-8	18	emerge	21
GUM_academic_discrimination-8	21	history	22
GUM_academic_discrimination-8	22	of	23
GUM_academic_discrimination-8	23	our	15
GUM_academic_discrimination-8	24	species	23
GUM_academic_discrimination-8	25	.	15
GUM_academic_discrimination-8	26	[	15
GUM_academic_discrimination-8	27	10	26
GUM_academic_discrimination-8	28	]	15
GUM_academic_discrimination-9	2	many	1
GUM_academic_discrimination-9	3	respect	2
GUM_academic_discrimination-9	5	researcher	4
GUM_academic_discrimination-9	6	already	5
GUM_academic_discrimination-9	7	possess	6
GUM_academic_discrimination-9	4	,	8
GUM_academic_discrimination-9	8	a	1
GUM_academic_discrimination-9	10	of	11
GUM_academic_discrimination-9	9	wealth	11
GUM_academic_discrimination-9	11	knowledge	1
GUM_academic_discrimination-9	12	concern	11
GUM_academic_discrimination-9	13	the	11
GUM_academic_discrimination-9	14	origin	1
GUM_academic_discrimination-9	1	in	15
GUM_academic_discrimination-9	17	of	18
GUM_academic_discrimination-9	16	consequence	18
GUM_academic_discrimination-9	18	discrimination	19
GUM_academic_discrimination-9	15	and	19
GUM_academic_discrimination-9	19	and	20
GUM_academic_discrimination-9	20	bias	21
GUM_academic_discrimination-9	21	.	22
GUM_academic_discrimination-9	23	11	22
GUM_academic_discrimination-9	22	[	24
GUM_academic_discrimination-10	2	also	3
GUM_academic_discrimination-10	1	what	3
GUM_academic_discrimination-10	5	be	4
GUM_academic_discrimination-10	4	not	6
GUM_academic_discrimination-10	6	lose	7
GUM_academic_discrimination-10	7	in	8
GUM_academic_discrimination-10	8	discussion	9
GUM_academic_discrimination-10	9	of	10
GUM_academic_discrimination-10	11	be	10
GUM_academic_discrimination-10	13	grow	12
GUM_academic_discrimination-10	12	the	14
GUM_academic_discrimination-10	14	push	15
GUM_academic_discrimination-10	10	discrimination	15
GUM_academic_discrimination-10	17	social	16
GUM_academic_discrimination-10	18	policy	17
GUM_academic_discrimination-10	16	implement	19
GUM_academic_discrimination-10	15	to	19
GUM_academic_discrimination-10	19	aim	20
GUM_academic_discrimination-10	21	reduce	20
GUM_academic_discrimination-10	22	the	20
GUM_academic_discrimination-10	20	at	23
GUM_academic_discrimination-10	24	of	25
GUM_academic_discrimination-10	23	occurrence	25
GUM_academic_discrimination-10	25	discriminatory	26
GUM_academic_discrimination-10	26	practice	3
GUM_academic_discrimination-10	27	.	26
GUM_academic_discrimination-11	4	in	5
GUM_academic_discrimination-11	3	training	5
GUM_academic_discrimination-11	2	diversity	5
GUM_academic_discrimination-11	8	for	9
GUM_academic_discrimination-11	9	example	7
GUM_academic_discrimination-11	11	be	10
GUM_academic_discrimination-11	10	,	12
GUM_academic_discrimination-11	7	,	12
GUM_academic_discrimination-11	12	intend	13
GUM_academic_discrimination-11	6	setting	13
GUM_academic_discrimination-11	5	professional	13
GUM_academic_discrimination-11	1	mandatory	13
GUM_academic_discrimination-11	13	to	14
GUM_academic_discrimination-11	14	reduce	15
GUM_academic_discrimination-11	16	in	15
GUM_academic_discrimination-11	17	the	16
GUM_academic_discrimination-11	18	workplace	19
GUM_academic_discrimination-11	15	bias	19
GUM_academic_discrimination-11	20	increase	19
GUM_academic_discrimination-11	21	the	19
GUM_academic_discrimination-11	19	by	22
GUM_academic_discrimination-11	23	of	24
GUM_academic_discrimination-11	22	awareness	24
GUM_academic_discrimination-11	25	regard	24
GUM_academic_discrimination-11	26	the	27
GUM_academic_discrimination-11	24	employee	27
GUM_academic_discrimination-11	28	face	27
GUM_academic_discrimination-11	30	group	31
GUM_academic_discrimination-11	29	minority	31
GUM_academic_discrimination-11	27	challenge	31
GUM_academic_discrimination-11	31	member	32
GUM_academic_discrimination-11	32	.	33
GUM_academic_discrimination-11	34	12	33
GUM_academic_discrimination-11	33	[	35
GUM_academic_discrimination-12	2	,	1
GUM_academic_discrimination-12	3	the	2
GUM_academic_discrimination-12	5	of	6
GUM_academic_discrimination-12	4	implementation	6
GUM_academic_discrimination-12	6	certain	2
GUM_academic_discrimination-12	7	policy	6
GUM_academic_discrimination-12	10	in	9
GUM_academic_discrimination-12	11	the	10
GUM_academic_discrimination-12	9	root	12
GUM_academic_discrimination-12	12	assumption	13
GUM_academic_discrimination-12	13	that	14
GUM_academic_discrimination-12	14	discrimination	15
GUM_academic_discrimination-12	8	be	15
GUM_academic_discrimination-12	1	indeed	15
GUM_academic_discrimination-12	17	be	16
GUM_academic_discrimination-12	19	at	20
GUM_academic_discrimination-12	18	,	20
GUM_academic_discrimination-12	16	bias	20
GUM_academic_discrimination-12	15	and	20
GUM_academic_discrimination-12	21	to	20
GUM_academic_discrimination-12	22	some	21
GUM_academic_discrimination-12	23	appreciable	21
GUM_academic_discrimination-12	24	amount	23
GUM_academic_discrimination-12	28	modern	27
GUM_academic_discrimination-12	29	society	30
GUM_academic_discrimination-12	30	.	27
GUM_academic_discrimination-13	1	even	2
GUM_academic_discrimination-13	6	the	5
GUM_academic_discrimination-13	5	of	7
GUM_academic_discrimination-13	7	prevalence	8
GUM_academic_discrimination-13	9	perceive	8
GUM_academic_discrimination-13	8	of	10
GUM_academic_discrimination-13	4	estimate	10
GUM_academic_discrimination-13	10	discrimination	3
GUM_academic_discrimination-13	12	rare	13
GUM_academic_discrimination-13	11	remain	13
GUM_academic_discrimination-13	3	,	13
GUM_academic_discrimination-13	2	so	13
GUM_academic_discrimination-13	14	see	15
GUM_academic_discrimination-13	15	[	13
GUM_academic_discrimination-13	16	13	15
GUM_academic_discrimination-13	17	-	16
GUM_academic_discrimination-13	18	14	17
GUM_academic_discrimination-13	19	]	17
GUM_academic_discrimination-13	20	)	19
GUM_academic_discrimination-13	21	.	17
GUM_academic_discrimination-14	2	least	1
GUM_academic_discrimination-14	3	one	2
GUM_academic_discrimination-14	4	prior	3
GUM_academic_discrimination-14	6	by	7
GUM_academic_discrimination-14	7	Kessler	8
GUM_academic_discrimination-14	5	study	8
GUM_academic_discrimination-14	1	at	8
GUM_academic_discrimination-14	9	colleague	10
GUM_academic_discrimination-14	8	and	10
GUM_academic_discrimination-14	11	15	10
GUM_academic_discrimination-14	12	]	11
GUM_academic_discrimination-14	13	,	12
GUM_academic_discrimination-14	14	however	13
GUM_academic_discrimination-14	16	use	15
GUM_academic_discrimination-14	15	,	17
GUM_academic_discrimination-14	10	[	17
GUM_academic_discrimination-14	17	measure	18
GUM_academic_discrimination-14	19	perceive	18
GUM_academic_discrimination-14	18	of	20
GUM_academic_discrimination-14	21	in	20
GUM_academic_discrimination-14	22	a	21
GUM_academic_discrimination-14	23	large	24
GUM_academic_discrimination-14	24	American	21
GUM_academic_discrimination-14	25	sample	21
GUM_academic_discrimination-14	26	,	21
GUM_academic_discrimination-14	29	approximately	28
GUM_academic_discrimination-14	30	33	29
GUM_academic_discrimination-14	28	that	31
GUM_academic_discrimination-14	32	of	33
GUM_academic_discrimination-14	31	%	33
GUM_academic_discrimination-14	33	respondent	27
GUM_academic_discrimination-14	35	some	34
GUM_academic_discrimination-14	36	form	37
GUM_academic_discrimination-14	37	of	34
GUM_academic_discrimination-14	38	discrimination	34
GUM_academic_discrimination-14	39	(	34
GUM_academic_discrimination-14	42	,	43
GUM_academic_discrimination-14	41	also	43
GUM_academic_discrimination-14	40	see	43
GUM_academic_discrimination-14	34	report	43
GUM_academic_discrimination-14	27	report	43
GUM_academic_discrimination-14	20	discrimination	43
GUM_academic_discrimination-14	43	Gibbons	44
GUM_academic_discrimination-14	45	al.	46
GUM_academic_discrimination-14	44	et	46
GUM_academic_discrimination-14	47	4	46
GUM_academic_discrimination-14	46	[	48
GUM_academic_discrimination-14	49	)	48
GUM_academic_discrimination-14	48	]	50
GUM_academic_discrimination-15	2	current	1
GUM_academic_discrimination-15	3	study	1
GUM_academic_discrimination-15	4	seek	5
GUM_academic_discrimination-15	1	the	5
GUM_academic_discrimination-15	6	build	7
GUM_academic_discrimination-15	7	on	8
GUM_academic_discrimination-15	5	to	8
GUM_academic_discrimination-15	9	research	10
GUM_academic_discrimination-15	8	this	10
GUM_academic_discrimination-15	11	estimate	10
GUM_academic_discrimination-15	12	the	10
GUM_academic_discrimination-15	10	by	13
GUM_academic_discrimination-15	14	of	15
GUM_academic_discrimination-15	13	prevalence	15
GUM_academic_discrimination-15	15	discrimination	16
GUM_academic_discrimination-15	17	among	18
GUM_academic_discrimination-15	18	a	19
GUM_academic_discrimination-15	22	representative	21
GUM_academic_discrimination-15	23	sample	24
GUM_academic_discrimination-15	24	of	25
GUM_academic_discrimination-15	26	from	25
GUM_academic_discrimination-15	25	adult	27
GUM_academic_discrimination-15	27	the	28
GUM_academic_discrimination-15	29	State	28
GUM_academic_discrimination-15	30	.	28
GUM_academic_discrimination-16	2	,	1
GUM_academic_discrimination-16	3	the	2
GUM_academic_discrimination-16	4	analysis	3
GUM_academic_discrimination-16	5	address	4
GUM_academic_discrimination-16	6	the	5
GUM_academic_discrimination-16	7	perceive	2
GUM_academic_discrimination-16	8	reason	2
GUM_academic_discrimination-16	9	for	8
GUM_academic_discrimination-16	10	report	8
GUM_academic_discrimination-16	11	discrimination	2
GUM_academic_discrimination-16	12	experience	2
GUM_academic_discrimination-16	13	.	2
GUM_academic_discrimination-17	2	for	1
GUM_academic_discrimination-17	3	discrimination	1
GUM_academic_discrimination-17	4	.	3
GUM_academic_discrimination-18	1	all	2
GUM_academic_discrimination-18	3	who	4
GUM_academic_discrimination-18	5	they	4
GUM_academic_discrimination-18	6	be	4
GUM_academic_discrimination-18	7	discriminate	8
GUM_academic_discrimination-18	9	—	8
GUM_academic_discrimination-18	10	specifically	9
GUM_academic_discrimination-18	11	,	10
GUM_academic_discrimination-18	12	that	11
GUM_academic_discrimination-18	13	who	11
GUM_academic_discrimination-18	16	sometimes	15
GUM_academic_discrimination-18	15	with	17
GUM_academic_discrimination-18	18	often	19
GUM_academic_discrimination-18	17	or	19
GUM_academic_discrimination-18	20	the	19
GUM_academic_discrimination-18	21	perceive	20
GUM_academic_discrimination-18	22	discrimination	20
GUM_academic_discrimination-18	23	measure	22
GUM_academic_discrimination-18	19	to	24
GUM_academic_discrimination-18	24	describe	14
GUM_academic_discrimination-18	25	above	24
GUM_academic_discrimination-18	26	—	14
GUM_academic_discrimination-18	28	ask	27
GUM_academic_discrimination-18	30	follow	29
GUM_academic_discrimination-18	31	question	29
GUM_academic_discrimination-18	29	the	32
GUM_academic_discrimination-18	27	be	32
GUM_academic_discrimination-19	1	''	2
GUM_academic_discrimination-19	2	what	3
GUM_academic_discrimination-19	3	do	4
GUM_academic_discrimination-19	4	you	5
GUM_academic_discrimination-19	6	be	5
GUM_academic_discrimination-19	8	main	7
GUM_academic_discrimination-19	7	the	9
GUM_academic_discrimination-19	5	think	9
GUM_academic_discrimination-19	10	for	9
GUM_academic_discrimination-19	9	reason	11
GUM_academic_discrimination-19	11	this	12
GUM_academic_discrimination-19	12	experience	13
GUM_academic_discrimination-19	14	''	13
GUM_academic_discrimination-20	3	allow	4
GUM_academic_discrimination-20	2	be	4
GUM_academic_discrimination-20	1	respondent	4
GUM_academic_discrimination-20	6	one	5
GUM_academic_discrimination-20	7	response	8
GUM_academic_discrimination-20	8	from	6
GUM_academic_discrimination-20	9	11	6
GUM_academic_discrimination-20	5	choose	10
GUM_academic_discrimination-20	4	to	10
GUM_academic_discrimination-20	10	category	11
GUM_academic_discrimination-21	1	for	2
GUM_academic_discrimination-21	3	present	2
GUM_academic_discrimination-21	5	,	4
GUM_academic_discrimination-21	6	this	5
GUM_academic_discrimination-21	7	response	5
GUM_academic_discrimination-21	9	recode	10
GUM_academic_discrimination-21	11	nine	10
GUM_academic_discrimination-21	12	mutually	11
GUM_academic_discrimination-21	13	exclusive	11
GUM_academic_discrimination-21	15	capture	14
GUM_academic_discrimination-21	16	the	17
GUM_academic_discrimination-21	14	category	17
GUM_academic_discrimination-21	17	follow	11
GUM_academic_discrimination-21	18	option	11
GUM_academic_discrimination-21	10	into	19
GUM_academic_discrimination-21	8	be	19
GUM_academic_discrimination-21	4	analysis	19
GUM_academic_discrimination-21	2	the	19
GUM_academic_discrimination-22	1	race	2
GUM_academic_discrimination-22	3	ancestry	2
GUM_academic_discrimination-22	4	/	2
GUM_academic_discrimination-22	5	skin	4
GUM_academic_discrimination-22	6	color	4
GUM_academic_discrimination-22	2	/	7
GUM_academic_discrimination-23	1	gender	2
GUM_academic_discrimination-24	1	age	2
GUM_academic_discrimination-25	1	religion	2
GUM_academic_discrimination-26	1	height	2
GUM_academic_discrimination-26	3	weight	4
GUM_academic_discrimination-26	2	or	4
GUM_academic_discrimination-27	2	orientation	3
GUM_academic_discrimination-27	1	sexual	3
GUM_academic_discrimination-28	1	education	2
GUM_academic_discrimination-28	3	income	4
GUM_academic_discrimination-28	2	or	4
GUM_academic_discrimination-29	2	disability	3
GUM_academic_discrimination-29	1	physical	3
GUM_academic_discrimination-30	1	and	2
GUM_academic_discrimination-30	2	other	3
GUM_academic_discrimination-31	1	the	2
GUM_academic_discrimination-31	2	follow	3
GUM_academic_discrimination-31	4	from	3
GUM_academic_discrimination-31	5	the	4
GUM_academic_discrimination-31	6	original	5
GUM_academic_discrimination-31	7	questionnaire	8
GUM_academic_discrimination-31	9	collapse	10
GUM_academic_discrimination-31	11	one	10
GUM_academic_discrimination-31	13	for	14
GUM_academic_discrimination-31	14	the	12
GUM_academic_discrimination-31	15	analysis	14
GUM_academic_discrimination-31	12	category	16
GUM_academic_discrimination-31	10	into	16
GUM_academic_discrimination-31	8	be	16
GUM_academic_discrimination-31	3	category	16
GUM_academic_discrimination-31	17	race	16
GUM_academic_discrimination-31	16	:	18
GUM_academic_discrimination-31	19	ancestry	20
GUM_academic_discrimination-31	18	;	20
GUM_academic_discrimination-31	21	national	20
GUM_academic_discrimination-31	22	origin	23
GUM_academic_discrimination-31	20	or	23
GUM_academic_discrimination-31	23	;	24
GUM_academic_discrimination-31	27	skin	26
GUM_academic_discrimination-31	26	of	28
GUM_academic_discrimination-31	25	shade	28
GUM_academic_discrimination-31	24	and	28
GUM_academic_discrimination-31	28	color	29
GUM_academic_discrimination-32	1	additionally	2
GUM_academic_discrimination-32	3	because	4
GUM_academic_discrimination-32	2	,	4
GUM_academic_discrimination-32	4	this	5
GUM_academic_discrimination-32	7	only	6
GUM_academic_discrimination-32	9	of	10
GUM_academic_discrimination-32	8	ask	10
GUM_academic_discrimination-32	13	prior	12
GUM_academic_discrimination-32	14	discrimination	15
GUM_academic_discrimination-32	15	experience	12
GUM_academic_discrimination-32	17	the	16
GUM_academic_discrimination-32	18	build	17
GUM_academic_discrimination-32	19	-	18
GUM_academic_discrimination-32	20	in	19
GUM_academic_discrimination-32	21	skip	20
GUM_academic_discrimination-32	22	pattern	19
GUM_academic_discrimination-32	24	in	23
GUM_academic_discrimination-32	25	a	24
GUM_academic_discrimination-32	27	number	28
GUM_academic_discrimination-32	29	case	28
GUM_academic_discrimination-32	31	as	32
GUM_academic_discrimination-32	30	score	32
GUM_academic_discrimination-32	34	legitimate	33
GUM_academic_discrimination-32	35	skip	36
GUM_academic_discrimination-32	36	)	34
GUM_academic_discrimination-32	37	.	33
GUM_academic_discrimination-33	1	respondent	2
GUM_academic_discrimination-33	2	race	3
GUM_academic_discrimination-34	1	because	2
GUM_academic_discrimination-34	3	race	4
GUM_academic_discrimination-34	2	a	4
GUM_academic_discrimination-34	6	not	7
GUM_academic_discrimination-34	7	available	8
GUM_academic_discrimination-34	8	from	9
GUM_academic_discrimination-34	9	the	10
GUM_academic_discrimination-34	11	4	10
GUM_academic_discrimination-34	12	interview	11
GUM_academic_discrimination-34	14	we	13
GUM_academic_discrimination-34	15	use	14
GUM_academic_discrimination-34	17	racial	16
GUM_academic_discrimination-34	18	category	17
GUM_academic_discrimination-34	19	report	20
GUM_academic_discrimination-34	21	the	20
GUM_academic_discrimination-34	20	by	22
GUM_academic_discrimination-34	24	the	23
GUM_academic_discrimination-34	25	Wave	23
GUM_academic_discrimination-34	26	1	25
GUM_academic_discrimination-34	27	interview	26
GUM_academic_discrimination-34	28	.	26
GUM_academic_discrimination-35	2	1	1
GUM_academic_discrimination-35	3	race	2
GUM_academic_discrimination-35	4	—	2
GUM_academic_discrimination-35	6	than	7
GUM_academic_discrimination-35	5	rather	7
GUM_academic_discrimination-35	8	say	7
GUM_academic_discrimination-35	9	,	10
GUM_academic_discrimination-35	7	,	10
GUM_academic_discrimination-35	11	3	10
GUM_academic_discrimination-35	12	race	11
GUM_academic_discrimination-35	13	—	11
GUM_academic_discrimination-35	14	be	15
GUM_academic_discrimination-35	15	use	11
GUM_academic_discrimination-35	10	Wave	16
GUM_academic_discrimination-35	1	Wave	16
GUM_academic_discrimination-35	18	case	19
GUM_academic_discrimination-35	17	preserve	19
GUM_academic_discrimination-35	16	to	19
GUM_academic_discrimination-35	19	count	20
GUM_academic_discrimination-36	1	the	2
GUM_academic_discrimination-36	4	that	5
GUM_academic_discrimination-36	6	nearly	5
GUM_academic_discrimination-36	7	)	5
GUM_academic_discrimination-36	5	(	8
GUM_academic_discrimination-36	3	be	8
GUM_academic_discrimination-36	2	logic	8
GUM_academic_discrimination-36	8	all	9
GUM_academic_discrimination-36	10	4	9
GUM_academic_discrimination-36	11	respondent	9
GUM_academic_discrimination-36	13	in	12
GUM_academic_discrimination-36	14	the	13
GUM_academic_discrimination-36	15	Wave	13
GUM_academic_discrimination-36	16	1	15
GUM_academic_discrimination-36	17	sample	16
GUM_academic_discrimination-36	18	,	19
GUM_academic_discrimination-36	19	but	16
GUM_academic_discrimination-36	20	not	19
GUM_academic_discrimination-36	21	all	16
GUM_academic_discrimination-36	12	appear	22
GUM_academic_discrimination-36	9	Wave	22
GUM_academic_discrimination-36	23	have	22
GUM_academic_discrimination-36	24	be	23
GUM_academic_discrimination-36	27	Wave	26
GUM_academic_discrimination-36	28	3	27
GUM_academic_discrimination-36	30	to	31
GUM_academic_discrimination-36	34	temporary	33
GUM_academic_discrimination-36	35	attrition	36
GUM_academic_discrimination-36	33	of	36
GUM_academic_discrimination-36	32	pattern	36
GUM_academic_discrimination-36	31	differential	36
GUM_academic_discrimination-36	29	due	36
GUM_academic_discrimination-36	36	.	28
GUM_academic_discrimination-37	3	ask	4
GUM_academic_discrimination-37	2	be	4
GUM_academic_discrimination-37	1	respondent	4
GUM_academic_discrimination-37	4	to	5
GUM_academic_discrimination-37	5	indicate	6
GUM_academic_discrimination-37	6	their	7
GUM_academic_discrimination-37	7	race	8
GUM_academic_discrimination-37	9	among	8
GUM_academic_discrimination-37	10	the	9
GUM_academic_discrimination-37	8	from	11
GUM_academic_discrimination-37	11	follow	12
GUM_academic_discrimination-37	12	category	13
GUM_academic_discrimination-37	13	:	14
GUM_academic_discrimination-37	14	White	15
GUM_academic_discrimination-37	16	Black	17
GUM_academic_discrimination-37	15	;	17
GUM_academic_discrimination-37	18	African	19
GUM_academic_discrimination-37	17	or	19
GUM_academic_discrimination-37	19	American	20
GUM_academic_discrimination-37	20	;	21
GUM_academic_discrimination-37	21	Hispanic	22
GUM_academic_discrimination-37	23	American	24
GUM_academic_discrimination-37	24	Indian	25
GUM_academic_discrimination-37	22	;	25
GUM_academic_discrimination-37	26	Native	27
GUM_academic_discrimination-37	25	or	27
GUM_academic_discrimination-37	27	American	28
GUM_academic_discrimination-37	28	;	29
GUM_academic_discrimination-37	29	and	30
GUM_academic_discrimination-37	30	Asian	31
GUM_academic_discrimination-37	33	Islander	32
GUM_academic_discrimination-37	34	.	33
GUM_academic_discrimination-38	3	provide	4
GUM_academic_discrimination-38	4	the	2
GUM_academic_discrimination-38	5	opportunity	6
GUM_academic_discrimination-38	2	be	6
GUM_academic_discrimination-38	1	respondent	6
GUM_academic_discrimination-38	6	to	7
GUM_academic_discrimination-38	7	select	8
GUM_academic_discrimination-38	10	one	9
GUM_academic_discrimination-38	11	race	10
GUM_academic_discrimination-38	9	than	12
GUM_academic_discrimination-38	12	,	13
GUM_academic_discrimination-38	8	more	13
GUM_academic_discrimination-38	13	and	14
GUM_academic_discrimination-38	14	that	15
GUM_academic_discrimination-38	15	who	16
GUM_academic_discrimination-38	17	be	16
GUM_academic_discrimination-38	18	ask	17
GUM_academic_discrimination-38	19	a	16
GUM_academic_discrimination-38	20	follow	16
GUM_academic_discrimination-38	21	-	16
GUM_academic_discrimination-38	22	up	21
GUM_academic_discrimination-38	23	question	21
GUM_academic_discrimination-38	24	regard	21
GUM_academic_discrimination-38	25	which	21
GUM_academic_discrimination-38	26	category	21
GUM_academic_discrimination-38	27	well	21
GUM_academic_discrimination-38	28	describe	21
GUM_academic_discrimination-38	29	their	21
GUM_academic_discrimination-38	30	racial	29
GUM_academic_discrimination-38	31	background	32
GUM_academic_discrimination-38	32	.	21
GUM_academic_discrimination-39	2	the	1
GUM_academic_discrimination-39	3	current	2
GUM_academic_discrimination-39	4	study	3
GUM_academic_discrimination-39	5	,	6
GUM_academic_discrimination-39	6	that	1
GUM_academic_discrimination-39	7	respondent	1
GUM_academic_discrimination-39	8	who	9
GUM_academic_discrimination-39	9	indicate	1
GUM_academic_discrimination-39	12	one	11
GUM_academic_discrimination-39	11	than	13
GUM_academic_discrimination-39	13	race	14
GUM_academic_discrimination-39	14	be	10
GUM_academic_discrimination-39	17	''	16
GUM_academic_discrimination-39	18	mix	16
GUM_academic_discrimination-39	16	as	19
GUM_academic_discrimination-39	15	code	19
GUM_academic_discrimination-39	20	''	19
GUM_academic_discrimination-39	21	.	20
GUM_academic_discrimination-40	1	demographic	2
GUM_academic_discrimination-40	2	variable	3
GUM_academic_discrimination-41	2	provide	3
GUM_academic_discrimination-41	1	to	3
GUM_academic_discrimination-41	3	information	4
GUM_academic_discrimination-41	5	the	4
GUM_academic_discrimination-41	6	analytical	5
GUM_academic_discrimination-41	8	as	7
GUM_academic_discrimination-41	7	sample	9
GUM_academic_discrimination-41	4	on	9
GUM_academic_discrimination-41	10	whole	9
GUM_academic_discrimination-41	11	,	10
GUM_academic_discrimination-41	12	two	10
GUM_academic_discrimination-41	13	additional	12
GUM_academic_discrimination-41	16	be	15
GUM_academic_discrimination-41	17	include	16
GUM_academic_discrimination-41	15	variable	18
GUM_academic_discrimination-41	14	demographic	18
GUM_academic_discrimination-41	18	.	12
GUM_academic_discrimination-42	1	first	2
GUM_academic_discrimination-42	4	be	3
GUM_academic_discrimination-42	6	continuous	5
GUM_academic_discrimination-42	5	a	7
GUM_academic_discrimination-42	7	measure	3
GUM_academic_discrimination-42	3	age	8
GUM_academic_discrimination-42	10	subtract	9
GUM_academic_discrimination-42	11	the	9
GUM_academic_discrimination-42	9	by	12
GUM_academic_discrimination-42	8	create	12
GUM_academic_discrimination-42	2	,	12
GUM_academic_discrimination-42	12	year	13
GUM_academic_discrimination-42	14	the	13
GUM_academic_discrimination-42	15-16	_	14
GUM_academic_discrimination-42	15	respondent	16
GUM_academic_discrimination-42	13	of	16
GUM_academic_discrimination-42	18	(	17
GUM_academic_discrimination-42	17	birth	19
GUM_academic_discrimination-42	16	's	19
GUM_academic_discrimination-42	19	obtain	20
GUM_academic_discrimination-42	20	from	21
GUM_academic_discrimination-42	22	1	21
GUM_academic_discrimination-42	21	Wave	23
GUM_academic_discrimination-42	24	from	23
GUM_academic_discrimination-42	25	the	24
GUM_academic_discrimination-42	26	year	27
GUM_academic_discrimination-42	28	the	27
GUM_academic_discrimination-42	27	of	29
GUM_academic_discrimination-42	31	Wave	30
GUM_academic_discrimination-42	32	4	31
GUM_academic_discrimination-42	33	.	32
GUM_academic_discrimination-43	1	second	2
GUM_academic_discrimination-43	5	dichotomously	4
GUM_academic_discrimination-43	6	code	5
GUM_academic_discrimination-43	9	the	8
GUM_academic_discrimination-43	10	self	9
GUM_academic_discrimination-43	11	-	10
GUM_academic_discrimination-43	12	report	11
GUM_academic_discrimination-43	13	sex	11
GUM_academic_discrimination-43	15	the	14
GUM_academic_discrimination-43	14	of	16
GUM_academic_discrimination-43	18	Wave	17
GUM_academic_discrimination-43	19	4	18
GUM_academic_discrimination-43	20	(	19
GUM_academic_discrimination-43	21	0	20
GUM_academic_discrimination-43	22	=	21
GUM_academic_discrimination-43	23	female	22
GUM_academic_discrimination-43	17	at	24
GUM_academic_discrimination-43	16	respondent	24
GUM_academic_discrimination-43	24	and	11
GUM_academic_discrimination-43	26	=	25
GUM_academic_discrimination-43	27	male	26
GUM_academic_discrimination-43	28	)	27
GUM_academic_discrimination-43	29	.	26
GUM_academic_discrimination-44	2	plan	3
GUM_academic_discrimination-44	1	analytical	3
GUM_academic_discrimination-45	2	exploratory	1
GUM_academic_discrimination-45	5	three	4
GUM_academic_discrimination-45	4	include	6
GUM_academic_discrimination-45	7	step	8
GUM_academic_discrimination-46	1	first	2
GUM_academic_discrimination-46	3	summary	4
GUM_academic_discrimination-46	6	the	5
GUM_academic_discrimination-46	7	study	6
GUM_academic_discrimination-46	5	of	8
GUM_academic_discrimination-46	4	statistic	8
GUM_academic_discrimination-46	2	,	8
GUM_academic_discrimination-46	8	variable	9
GUM_academic_discrimination-46	9	and	10
GUM_academic_discrimination-46	13	produce	12
GUM_academic_discrimination-46	14	.	12
GUM_academic_discrimination-47	3	we	2
GUM_academic_discrimination-47	4	examine	3
GUM_academic_discrimination-47	5	the	4
GUM_academic_discrimination-47	6	relative	4
GUM_academic_discrimination-47	9	the	8
GUM_academic_discrimination-47	10	two	9
GUM_academic_discrimination-47	11	discrimination	10
GUM_academic_discrimination-47	12	experience	10
GUM_academic_discrimination-47	8	of	13
GUM_academic_discrimination-47	7	proportion	13
GUM_academic_discrimination-47	2	,	13
GUM_academic_discrimination-47	1	second	13
GUM_academic_discrimination-47	13	measure	14
GUM_academic_discrimination-47	14	across	15
GUM_academic_discrimination-47	16	racial	15
GUM_academic_discrimination-47	17	category	18
GUM_academic_discrimination-47	15	each	18
GUM_academic_discrimination-48	2	,	1
GUM_academic_discrimination-48	3	we	2
GUM_academic_discrimination-48	5	the	4
GUM_academic_discrimination-48	6	distribution	7
GUM_academic_discrimination-48	7	of	4
GUM_academic_discrimination-48	8	report	4
GUM_academic_discrimination-48	9	reason	4
GUM_academic_discrimination-48	10	for	11
GUM_academic_discrimination-48	11	discrimination	12
GUM_academic_discrimination-48	12	across	4
GUM_academic_discrimination-48	13	the	12
GUM_academic_discrimination-48	14	racial	4
GUM_academic_discrimination-48	15	category	4
GUM_academic_discrimination-48	16	.	4
GUM_academic_discrimination-49	2	order	1
GUM_academic_discrimination-49	1	in	3
GUM_academic_discrimination-49	4	examine	5
GUM_academic_discrimination-49	6	bivariate	7
GUM_academic_discrimination-49	5	potential	7
GUM_academic_discrimination-49	3	to	7
GUM_academic_discrimination-49	9	the	8
GUM_academic_discrimination-49	10	adjust	9
GUM_academic_discrimination-49	11	F	9
GUM_academic_discrimination-49	12	statistic	13
GUM_academic_discrimination-49	13	(	9
GUM_academic_discrimination-49	14	design	13
GUM_academic_discrimination-49	15	-	14
GUM_academic_discrimination-49	16	base	15
GUM_academic_discrimination-49	17	F	15
GUM_academic_discrimination-49	18	)	15
GUM_academic_discrimination-49	19	be	15
GUM_academic_discrimination-49	22	it	21
GUM_academic_discrimination-49	24	for	25
GUM_academic_discrimination-49	26	complex	25
GUM_academic_discrimination-49	27	sample	28
GUM_academic_discrimination-49	28	design	29
GUM_academic_discrimination-49	25	a	29
GUM_academic_discrimination-49	31	that	30
GUM_academic_discrimination-49	32	use	30
GUM_academic_discrimination-49	33	in	30
GUM_academic_discrimination-49	34	the	33
GUM_academic_discrimination-49	36	Health	35
GUM_academic_discrimination-49	37	.	36
GUM_academic_discrimination-49	38	[	36
GUM_academic_discrimination-49	39	21	38
GUM_academic_discrimination-49	40	]	36
GUM_academic_discrimination-50	2	specifically	1
GUM_academic_discrimination-50	3	,	4
GUM_academic_discrimination-50	1	more	4
GUM_academic_discrimination-50	5	analyze	4
GUM_academic_discrimination-50	6	weight	5
GUM_academic_discrimination-50	7	sample	8
GUM_academic_discrimination-50	4	when	8
GUM_academic_discrimination-50	9	employ	8
GUM_academic_discrimination-50	8	datum	10
GUM_academic_discrimination-50	11	svy	10
GUM_academic_discrimination-50	13	of	14
GUM_academic_discrimination-50	12	suite	14
GUM_academic_discrimination-50	16	Stata	15
GUM_academic_discrimination-50	17	the	16
GUM_academic_discrimination-50	20	χ2	19
GUM_academic_discrimination-50	21	statistic	20
GUM_academic_discrimination-50	23	of	24
GUM_academic_discrimination-50	22	test	24
GUM_academic_discrimination-50	24	independence	20
GUM_academic_discrimination-50	25	be	24
GUM_academic_discrimination-50	26	convert	27
GUM_academic_discrimination-50	28	''	27
GUM_academic_discrimination-50	27	into	29
GUM_academic_discrimination-50	29	a	20
GUM_academic_discrimination-50	30	F	29
GUM_academic_discrimination-50	31	statistic	32
GUM_academic_discrimination-50	33	noninteger	32
GUM_academic_discrimination-50	35	of	36
GUM_academic_discrimination-50	34	degree	36
GUM_academic_discrimination-50	36	freedom	37
GUM_academic_discrimination-50	38	use	37
GUM_academic_discrimination-50	37	by	39
GUM_academic_discrimination-50	32	with	39
GUM_academic_discrimination-50	39	a	20
GUM_academic_discrimination-50	42	order	41
GUM_academic_discrimination-50	43	Rao	44
GUM_academic_discrimination-50	46	(	45
GUM_academic_discrimination-50	47	1981	46
GUM_academic_discrimination-50	48	[	47
GUM_academic_discrimination-50	49	22	48
GUM_academic_discrimination-50	45	Scott	50
GUM_academic_discrimination-50	44	and	50
GUM_academic_discrimination-50	50	]	41
GUM_academic_discrimination-50	51	,	41
GUM_academic_discrimination-50	52	1984	51
GUM_academic_discrimination-50	53	[	52
GUM_academic_discrimination-50	54	23	53
GUM_academic_discrimination-50	55	]	41
GUM_academic_discrimination-50	56	)	41
GUM_academic_discrimination-50	58	''	57
GUM_academic_discrimination-50	59	.	60
GUM_academic_discrimination-50	57	correction	60
GUM_academic_discrimination-50	60	[	41
GUM_academic_discrimination-50	61	24	60
GUM_academic_discrimination-50	62	]	41
GUM_academic_discrimination-51	2	p	1
GUM_academic_discrimination-51	3	-	2
GUM_academic_discrimination-51	4	value	3
GUM_academic_discrimination-51	5	associate	3
GUM_academic_discrimination-51	7	the	6
GUM_academic_discrimination-51	8	design	7
GUM_academic_discrimination-51	9	-	8
GUM_academic_discrimination-51	10	base	9
GUM_academic_discrimination-51	11	F	9
GUM_academic_discrimination-51	12	be	13
GUM_academic_discrimination-51	13	thus	9
GUM_academic_discrimination-51	14	more	9
GUM_academic_discrimination-51	15	accurate	16
GUM_academic_discrimination-51	16	(	9
GUM_academic_discrimination-51	18	the	17
GUM_academic_discrimination-51	17	than	19
GUM_academic_discrimination-51	19	associate	9
GUM_academic_discrimination-51	21	the	20
GUM_academic_discrimination-51	22	χ2	21
GUM_academic_discrimination-51	23	statistic	22
GUM_academic_discrimination-51	24	)	23
GUM_academic_discrimination-51	25	give	24
GUM_academic_discrimination-51	26	the	27
GUM_academic_discrimination-51	27	adjustment	22
GUM_academic_discrimination-51	20	with	28
GUM_academic_discrimination-51	28	and	9
GUM_academic_discrimination-51	29	calculation	30
GUM_academic_discrimination-51	30	take	9
GUM_academic_discrimination-51	31	into	9
GUM_academic_discrimination-51	32	account	31
GUM_academic_discrimination-51	33	the	32
GUM_academic_discrimination-51	34	weight	33
GUM_academic_discrimination-51	35	nature	36
GUM_academic_discrimination-51	36	of	37
GUM_academic_discrimination-51	37	the	9
GUM_academic_discrimination-51	38	datum	9
GUM_academic_discrimination-51	39	.	9
GUM_academic_discrimination-52	2	final	1
GUM_academic_discrimination-52	1	this	3
GUM_academic_discrimination-52	5	include	4
GUM_academic_discrimination-52	6	a	5
GUM_academic_discrimination-52	9	the	8
GUM_academic_discrimination-52	10	relative	9
GUM_academic_discrimination-52	12	of	13
GUM_academic_discrimination-52	11	distribution	13
GUM_academic_discrimination-52	16	the	15
GUM_academic_discrimination-52	17	various	16
GUM_academic_discrimination-52	18	report	19
GUM_academic_discrimination-52	20	for	21
GUM_academic_discrimination-52	21	discrimination	19
GUM_academic_discrimination-52	22	.	21
GUM_academic_discrimination-53	2	note	1
GUM_academic_discrimination-53	3	early	1
GUM_academic_discrimination-53	4	,	3
GUM_academic_discrimination-53	1	as	5
GUM_academic_discrimination-53	8	weight	9
GUM_academic_discrimination-53	9	accord	10
GUM_academic_discrimination-53	11	the	10
GUM_academic_discrimination-53	10	to	12
GUM_academic_discrimination-53	13	weight	12
GUM_academic_discrimination-53	14	provide	15
GUM_academic_discrimination-53	12	survey	15
GUM_academic_discrimination-53	15	by	16
GUM_academic_discrimination-53	16	the	17
GUM_academic_discrimination-53	18	Health	17
GUM_academic_discrimination-53	19	research	18
GUM_academic_discrimination-53	20	staff	18
GUM_academic_discrimination-53	17	Add	21
GUM_academic_discrimination-53	7	be	21
GUM_academic_discrimination-53	6	analysis	21
GUM_academic_discrimination-53	5	all	21
GUM_academic_discrimination-53	21	and	22
GUM_academic_discrimination-53	22	standard	23
GUM_academic_discrimination-53	26	for	27
GUM_academic_discrimination-53	25	correct	27
GUM_academic_discrimination-53	27	the	24
GUM_academic_discrimination-53	28	clustering	29
GUM_academic_discrimination-53	24	be	29
GUM_academic_discrimination-53	23	error	29
GUM_academic_discrimination-53	29	and	30
GUM_academic_discrimination-53	30	stratification	31
GUM_academic_discrimination-53	31	that	32
GUM_academic_discrimination-53	33	the	32
GUM_academic_discrimination-53	34	sampling	33
GUM_academic_discrimination-53	35	strategy	33
GUM_academic_discrimination-53	36	.	32
GUM_academic_discrimination-54	1	thus	2
GUM_academic_discrimination-54	2	,	3
GUM_academic_discrimination-54	3	all	4
GUM_academic_discrimination-54	6	here	5
GUM_academic_discrimination-54	5	report	7
GUM_academic_discrimination-54	4	estimate	7
GUM_academic_discrimination-54	8	be	9
GUM_academic_discrimination-54	10	nationally	11
GUM_academic_discrimination-54	9	consider	11
GUM_academic_discrimination-54	12	of	13
GUM_academic_discrimination-54	13	the	14
GUM_academic_discrimination-54	15	State	14
GUM_academic_discrimination-54	16	.	14
GUM_academic_eegimaa-1	3	Eegimaa	2
GUM_academic_eegimaa-1	4	,	3
GUM_academic_eegimaa-1	2	Gujjolaay	5
GUM_academic_eegimaa-1	5	its	6
GUM_academic_eegimaa-1	6	speaker	7
GUM_academic_eegimaa-1	1	2.	7
GUM_academic_eegimaa-1	7	and	8
GUM_academic_eegimaa-1	8	their	9
GUM_academic_eegimaa-2	1	this	2
GUM_academic_eegimaa-2	3	briefly	2
GUM_academic_eegimaa-2	4	present	3
GUM_academic_eegimaa-2	5	the	6
GUM_academic_eegimaa-2	7	Eegimaa	8
GUM_academic_eegimaa-2	6	Gújjolaay	8
GUM_academic_eegimaa-2	2	section	8
GUM_academic_eegimaa-2	10	for	11
GUM_academic_eegimaa-2	11	short	9
GUM_academic_eegimaa-2	9	Eegimaa	12
GUM_academic_eegimaa-2	8	(	12
GUM_academic_eegimaa-2	13	Ethnologue	12
GUM_academic_eegimaa-2	14	code	13
GUM_academic_eegimaa-2	12	;	15
GUM_academic_eegimaa-2	15	:	16
GUM_academic_eegimaa-2	17	639-3	16
GUM_academic_eegimaa-2	16	ISO	18
GUM_academic_eegimaa-2	20	)	19
GUM_academic_eegimaa-2	21	,	20
GUM_academic_eegimaa-2	22	its	20
GUM_academic_eegimaa-2	23	speaker	19
GUM_academic_eegimaa-2	19	bqj	24
GUM_academic_eegimaa-2	18	:	24
GUM_academic_eegimaa-2	24	and	25
GUM_academic_eegimaa-2	26	variety	25
GUM_academic_eegimaa-2	25	its	27
GUM_academic_eegimaa-3	3	discuss	2
GUM_academic_eegimaa-3	4	aspect	3
GUM_academic_eegimaa-3	6	the	5
GUM_academic_eegimaa-3	7	contact	6
GUM_academic_eegimaa-3	9	of	10
GUM_academic_eegimaa-3	8	situation	10
GUM_academic_eegimaa-3	5	of	10
GUM_academic_eegimaa-3	11	Eegimaa	10
GUM_academic_eegimaa-3	12	language	11
GUM_academic_eegimaa-3	13	.	11
GUM_academic_eegimaa-4	7	we	6
GUM_academic_eegimaa-4	6	as	8
GUM_academic_eegimaa-4	5	because	8
GUM_academic_eegimaa-4	4	,	8
GUM_academic_eegimaa-4	9	show	10
GUM_academic_eegimaa-4	11	§	10
GUM_academic_eegimaa-4	12	6	11
GUM_academic_eegimaa-4	13	below	12
GUM_academic_eegimaa-4	14	,	13
GUM_academic_eegimaa-4	15	some	12
GUM_academic_eegimaa-4	16	of	12
GUM_academic_eegimaa-4	17	the	11
GUM_academic_eegimaa-4	18	Eegimaa	17
GUM_academic_eegimaa-4	19	death	20
GUM_academic_eegimaa-4	20	prevention	18
GUM_academic_eegimaa-4	10	in	21
GUM_academic_eegimaa-4	8	will	21
GUM_academic_eegimaa-4	21	name	22
GUM_academic_eegimaa-4	22	and	23
GUM_academic_eegimaa-4	23	child	24
GUM_academic_eegimaa-4	25	bearing	24
GUM_academic_eegimaa-4	26	name	24
GUM_academic_eegimaa-4	27	be	26
GUM_academic_eegimaa-4	24	-	28
GUM_academic_eegimaa-4	29	to	30
GUM_academic_eegimaa-4	31	person	30
GUM_academic_eegimaa-4	32	from	33
GUM_academic_eegimaa-4	33	other	30
GUM_academic_eegimaa-4	34	community	35
GUM_academic_eegimaa-4	35	.	30
GUM_academic_eegimaa-5	2	be	1
GUM_academic_eegimaa-5	4	Jóola	3
GUM_academic_eegimaa-5	5	language	3
GUM_academic_eegimaa-5	6	speak	7
GUM_academic_eegimaa-5	8	the	7
GUM_academic_eegimaa-5	10	Casamance	9
GUM_academic_eegimaa-5	9	Basse	11
GUM_academic_eegimaa-5	7	in	11
GUM_academic_eegimaa-5	11	area	12
GUM_academic_eegimaa-5	12	of	13
GUM_academic_eegimaa-5	15	by	14
GUM_academic_eegimaa-5	16	a	14
GUM_academic_eegimaa-5	17	population	16
GUM_academic_eegimaa-5	18	estimate	14
GUM_academic_eegimaa-5	14	Senegal	19
GUM_academic_eegimaa-5	13	Southern	19
GUM_academic_eegimaa-5	3	a	19
GUM_academic_eegimaa-5	1	Eegimaa	19
GUM_academic_eegimaa-5	20	be	21
GUM_academic_eegimaa-5	19	to	21
GUM_academic_eegimaa-5	22	7000	21
GUM_academic_eegimaa-5	21	between	23
GUM_academic_eegimaa-5	24	Bassène	23
GUM_academic_eegimaa-5	25	,	24
GUM_academic_eegimaa-5	26	2007	25
GUM_academic_eegimaa-5	23	(	27
GUM_academic_eegimaa-5	27	)	28
GUM_academic_eegimaa-5	28	and	29
GUM_academic_eegimaa-5	30	speaker	29
GUM_academic_eegimaa-5	29	11200	31
GUM_academic_eegimaa-5	32	Lewis	31
GUM_academic_eegimaa-5	34	Simons	33
GUM_academic_eegimaa-5	35	,	34
GUM_academic_eegimaa-5	33	,	36
GUM_academic_eegimaa-5	31	(	36
GUM_academic_eegimaa-5	36	&	37
GUM_academic_eegimaa-5	38	,	37
GUM_academic_eegimaa-5	39	2014	38
GUM_academic_eegimaa-5	40	)	39
GUM_academic_eegimaa-5	41	.	39
GUM_academic_eegimaa-6	3	be	2
GUM_academic_eegimaa-6	5	as	6
GUM_academic_eegimaa-6	4	classify	6
GUM_academic_eegimaa-6	7	of	8-9
GUM_academic_eegimaa-6	8	Sapir	9
GUM_academic_eegimaa-6	8-9	_	9
GUM_academic_eegimaa-6	6	member	9
GUM_academic_eegimaa-6	2	language	9
GUM_academic_eegimaa-6	1	Jóola	9
GUM_academic_eegimaa-6	10	(	9
GUM_academic_eegimaa-6	11	1971	10
GUM_academic_eegimaa-6	9	's	12
GUM_academic_eegimaa-6	12	)	13
GUM_academic_eegimaa-6	14	group	15
GUM_academic_eegimaa-6	15	of	16
GUM_academic_eegimaa-6	16	Atlantic	13
GUM_academic_eegimaa-6	13	Bak	17
GUM_academic_eegimaa-6	18	of	19
GUM_academic_eegimaa-6	19	the	20
GUM_academic_eegimaa-6	21	Congo	20
GUM_academic_eegimaa-6	22	language	21
GUM_academic_eegimaa-6	23	phylum	21
GUM_academic_eegimaa-6	24	.	21
GUM_academic_eegimaa-7	2	of	3
GUM_academic_eegimaa-7	4	language	3
GUM_academic_eegimaa-7	5	be	4
GUM_academic_eegimaa-7	6	find	7
GUM_academic_eegimaa-7	8	the	7
GUM_academic_eegimaa-7	9	Gambia	8
GUM_academic_eegimaa-7	11	in	10
GUM_academic_eegimaa-7	12	the	11
GUM_academic_eegimaa-7	13	former	11
GUM_academic_eegimaa-7	16	of	17
GUM_academic_eegimaa-7	15	region	17
GUM_academic_eegimaa-7	18	Senegal	17
GUM_academic_eegimaa-7	17	Southern	19
GUM_academic_eegimaa-7	14	Casamance	19
GUM_academic_eegimaa-7	22	Bissau	21
GUM_academic_eegimaa-7	23	.	22
GUM_academic_eegimaa-8	1	the	2
GUM_academic_eegimaa-8	4	Figure	3
GUM_academic_eegimaa-8	5	1	4
GUM_academic_eegimaa-8	6	,	5
GUM_academic_eegimaa-8	7	take	8
GUM_academic_eegimaa-8	9	Ethnologue	8
GUM_academic_eegimaa-8	10	,	9
GUM_academic_eegimaa-8	12	the	11
GUM_academic_eegimaa-8	14	of	15
GUM_academic_eegimaa-8	16	.	15
GUM_academic_eegimaa-9	1	the	2
GUM_academic_eegimaa-9	4	the	3
GUM_academic_eegimaa-9	5	map	3
GUM_academic_eegimaa-9	3	on	6
GUM_academic_eegimaa-9	7	to	8
GUM_academic_eegimaa-9	8	the	9
GUM_academic_eegimaa-9	10	speak	9
GUM_academic_eegimaa-9	11	area	9
GUM_academic_eegimaa-9	9	Eegimaa	12
GUM_academic_eegimaa-9	13	Bandial	12
GUM_academic_eegimaa-9	14	be	13
GUM_academic_eegimaa-9	16	name	15
GUM_academic_eegimaa-9	17	use	15
GUM_academic_eegimaa-9	15	the	18
GUM_academic_eegimaa-9	18	by	19
GUM_academic_eegimaa-9	20	for	21
GUM_academic_eegimaa-9	21	Eegimaa	19
GUM_academic_eegimaa-9	22	)	21
GUM_academic_eegimaa-9	23	.	21
GUM_academic_eegimaa-10	3	mainly	2
GUM_academic_eegimaa-10	4	speak	5
GUM_academic_eegimaa-10	6	Mof-Ávvi	5
GUM_academic_eegimaa-10	7	,	6
GUM_academic_eegimaa-10	8	a	6
GUM_academic_eegimaa-10	9	former	8
GUM_academic_eegimaa-10	10	kingdom	11
GUM_academic_eegimaa-10	11	of	12
GUM_academic_eegimaa-10	12	10	6
GUM_academic_eegimaa-10	13	village	12
GUM_academic_eegimaa-10	14	locate	15
GUM_academic_eegimaa-10	16	the	15
GUM_academic_eegimaa-10	15	to	17
GUM_academic_eegimaa-10	18	of	19
GUM_academic_eegimaa-10	17	west	19
GUM_academic_eegimaa-10	20	,	19
GUM_academic_eegimaa-10	21	the	20
GUM_academic_eegimaa-10	22	capital	21
GUM_academic_eegimaa-10	25	the	24
GUM_academic_eegimaa-10	26	former	25
GUM_academic_eegimaa-10	31	in	30
GUM_academic_eegimaa-10	32	the	31
GUM_academic_eegimaa-10	34	of	35
GUM_academic_eegimaa-10	33	south	35
GUM_academic_eegimaa-10	35	Senegal	30
GUM_academic_eegimaa-10	36	.	35
GUM_academic_eegimaa-11	2	be	1
GUM_academic_eegimaa-11	3	a	1
GUM_academic_eegimaa-11	4	peninsula	3
GUM_academic_eegimaa-11	1	Mof-Ávvi	5
GUM_academic_eegimaa-11	5	border	6
GUM_academic_eegimaa-11	6	by	7
GUM_academic_eegimaa-11	7	the	8
GUM_academic_eegimaa-11	10	to	9
GUM_academic_eegimaa-11	11	the	10
GUM_academic_eegimaa-11	12	north	11
GUM_academic_eegimaa-11	9	River	13
GUM_academic_eegimaa-11	8	Casamance	13
GUM_academic_eegimaa-11	14	which	13
GUM_academic_eegimaa-11	17	from	16
GUM_academic_eegimaa-11	16	it	18
GUM_academic_eegimaa-11	18	the	19
GUM_academic_eegimaa-11	20	Búluf	19
GUM_academic_eegimaa-11	19	Jóola	21
GUM_academic_eegimaa-11	15	separate	21
GUM_academic_eegimaa-11	13	,	21
GUM_academic_eegimaa-11	23	Fogny	22
GUM_academic_eegimaa-11	24	area	23
GUM_academic_eegimaa-11	25	,	23
GUM_academic_eegimaa-11	26	and	23
GUM_academic_eegimaa-11	26.1	_	23
GUM_academic_eegimaa-11	28	the	27
GUM_academic_eegimaa-11	27	to	29
GUM_academic_eegimaa-11	29	east	30
GUM_academic_eegimaa-11	30	by	31
GUM_academic_eegimaa-11	31	the	32
GUM_academic_eegimaa-11	33	Brin	34
GUM_academic_eegimaa-11	32	village	34
GUM_academic_eegimaa-11	22	Jóola	34
GUM_academic_eegimaa-11	21	and	34
GUM_academic_eegimaa-11	34	and	35
GUM_academic_eegimaa-11	37	where	36
GUM_academic_eegimaa-11	38	the	37
GUM_academic_eegimaa-11	40	of	41
GUM_academic_eegimaa-11	41	Kujireray	42
GUM_academic_eegimaa-11	39	speaker	42
GUM_academic_eegimaa-11	36	,	42
GUM_academic_eegimaa-11	35	Djibonker	42
GUM_academic_eegimaa-11	44	Gubëeher	43
GUM_academic_eegimaa-11	45	live	44
GUM_academic_eegimaa-11	46	.	45
GUM_academic_eegimaa-12	2	the	1
GUM_academic_eegimaa-12	3	south	2
GUM_academic_eegimaa-12	4	,	3
GUM_academic_eegimaa-12	5	the	4
GUM_academic_eegimaa-12	6	river	5
GUM_academic_eegimaa-12	7	know	4
GUM_academic_eegimaa-12	10	Bolon	9
GUM_academic_eegimaa-12	13	from	12
GUM_academic_eegimaa-12	14	the	15
GUM_academic_eegimaa-12	16	speak	15
GUM_academic_eegimaa-12	17	area	15
GUM_academic_eegimaa-12	20	the	19
GUM_academic_eegimaa-12	21	west	20
GUM_academic_eegimaa-12	19	while	22
GUM_academic_eegimaa-12	18	,	22
GUM_academic_eegimaa-12	22	side	15
GUM_academic_eegimaa-12	23	of	24
GUM_academic_eegimaa-12	27	the	26
GUM_academic_eegimaa-12	28	homeland	26
GUM_academic_eegimaa-12	29	of	30
GUM_academic_eegimaa-12	30	the	26
GUM_academic_eegimaa-12	26	with	31
GUM_academic_eegimaa-12	33	Húluf	32
GUM_academic_eegimaa-12	32	Kaasa	34
GUM_academic_eegimaa-12	31	Jóola	34
GUM_academic_eegimaa-12	25	coincide	34
GUM_academic_eegimaa-12	24	Mof-Ávvi	34
GUM_academic_eegimaa-12	15	Bayot	34
GUM_academic_eegimaa-12	12	Mof-Ávvi	34
GUM_academic_eegimaa-12	11	separate	34
GUM_academic_eegimaa-12	9	Kamobeul	34
GUM_academic_eegimaa-12	8	as	34
GUM_academic_eegimaa-12	1	in	34
GUM_academic_eegimaa-12	37	Ésuulaaluʔ	36
GUM_academic_eegimaa-12	38	.	37
GUM_academic_eegimaa-13	1	the	2
GUM_academic_eegimaa-13	4	Figure	3
GUM_academic_eegimaa-13	5	2	4
GUM_academic_eegimaa-13	6	below	5
GUM_academic_eegimaa-13	7	,	6
GUM_academic_eegimaa-13	8	adapt	9
GUM_academic_eegimaa-13	9	from	10
GUM_academic_eegimaa-13	10	Palmeri	11
GUM_academic_eegimaa-13	3	in	11
GUM_academic_eegimaa-13	2	map	11
GUM_academic_eegimaa-13	13	(	12
GUM_academic_eegimaa-13	14	1995	13
GUM_academic_eegimaa-13	15	)	14
GUM_academic_eegimaa-13	16	,	15
GUM_academic_eegimaa-13	17	show	18
GUM_academic_eegimaa-13	18	a	15
GUM_academic_eegimaa-13	19	very	20
GUM_academic_eegimaa-13	20	approximate	18
GUM_academic_eegimaa-13	24	in	23
GUM_academic_eegimaa-13	25	relation	26
GUM_academic_eegimaa-13	26	to	27
GUM_academic_eegimaa-13	27	other	28
GUM_academic_eegimaa-13	28	neighbour	23
GUM_academic_eegimaa-13	29	speech	23
GUM_academic_eegimaa-13	23	Mof-Ávvi	30
GUM_academic_eegimaa-13	22	of	30
GUM_academic_eegimaa-13	21	location	30
GUM_academic_eegimaa-13	30	community	31
GUM_academic_eegimaa-13	31	.	15
GUM_academic_eegimaa-14	1	some	2
GUM_academic_eegimaa-14	2	of	3
GUM_academic_eegimaa-14	4	community	5
GUM_academic_eegimaa-14	3	this	5
GUM_academic_eegimaa-14	6	be	5
GUM_academic_eegimaa-14	7	refer	8
GUM_academic_eegimaa-14	8	to	9
GUM_academic_eegimaa-14	10	our	9
GUM_academic_eegimaa-14	9	in	11
GUM_academic_eegimaa-14	11	discussion	12
GUM_academic_eegimaa-14	12	of	13
GUM_academic_eegimaa-14	13	death	14
GUM_academic_eegimaa-14	14	prevention	15
GUM_academic_eegimaa-14	17	§	16
GUM_academic_eegimaa-14	18	6	17
GUM_academic_eegimaa-14	19	.	18
GUM_academic_eegimaa-15	2	Eegimaa	1
GUM_academic_eegimaa-15	1	the	3
GUM_academic_eegimaa-15	3	speak	4
GUM_academic_eegimaa-15	5	Mof-Ávvi	4
GUM_academic_eegimaa-15	6	be	5
GUM_academic_eegimaa-15	7	know	8
GUM_academic_eegimaa-15	8	by	9
GUM_academic_eegimaa-15	9	several	5
GUM_academic_eegimaa-15	10	name	5
GUM_academic_eegimaa-15	4	in	11
GUM_academic_eegimaa-15	12	by	13
GUM_academic_eegimaa-15	14	of	15
GUM_academic_eegimaa-15	13	speaker	15
GUM_academic_eegimaa-15	11	give	15
GUM_academic_eegimaa-15	15	neighbour	16
GUM_academic_eegimaa-16	1	for	2
GUM_academic_eegimaa-16	4	the	3
GUM_academic_eegimaa-16	3	,	5
GUM_academic_eegimaa-16	5	name	6
GUM_academic_eegimaa-16	7	1	6
GUM_academic_eegimaa-16	8	'	7
GUM_academic_eegimaa-16	9	the	8
GUM_academic_eegimaa-16	6	Kusiilay	10
GUM_academic_eegimaa-16	11	of	12
GUM_academic_eegimaa-16	13	'	12
GUM_academic_eegimaa-16	14	,	12
GUM_academic_eegimaa-16	15	be	14
GUM_academic_eegimaa-16	17	name	16
GUM_academic_eegimaa-16	16	the	18
GUM_academic_eegimaa-16	19	by	20
GUM_academic_eegimaa-16	23	to	22
GUM_academic_eegimaa-16	25	Eegimaa	24
GUM_academic_eegimaa-16	26	language	25
GUM_academic_eegimaa-16	28	because	29
GUM_academic_eegimaa-16	29	Essil	27
GUM_academic_eegimaa-16	30	,	31
GUM_academic_eegimaa-16	27	,	31
GUM_academic_eegimaa-16	24	the	31
GUM_academic_eegimaa-16	22	Kujireray	31
GUM_academic_eegimaa-16	21	of	31
GUM_academic_eegimaa-16	20	speaker	31
GUM_academic_eegimaa-16	18	give	31
GUM_academic_eegimaa-16	34	be	33
GUM_academic_eegimaa-16	35	a	33
GUM_academic_eegimaa-16	36	district	33
GUM_academic_eegimaa-16	37	,	33
GUM_academic_eegimaa-16	38	be	37
GUM_academic_eegimaa-16	39	the	40
GUM_academic_eegimaa-16	40	village	41
GUM_academic_eegimaa-16	42	have	41
GUM_academic_eegimaa-16	43	a	41
GUM_academic_eegimaa-16	44	border	45
GUM_academic_eegimaa-16	45	with	46
GUM_academic_eegimaa-16	46	their	41
GUM_academic_eegimaa-16	47	village	46
GUM_academic_eegimaa-16	48	.	41
GUM_academic_eegimaa-17	2	be	1
GUM_academic_eegimaa-17	4	name	3
GUM_academic_eegimaa-17	3	the	5
GUM_academic_eegimaa-17	6	by	7
GUM_academic_eegimaa-17	8	speaker	7
GUM_academic_eegimaa-17	9	,	10
GUM_academic_eegimaa-17	7	Bayot	10
GUM_academic_eegimaa-17	5	give	10
GUM_academic_eegimaa-17	1	Endungo	10
GUM_academic_eegimaa-17	11	its	10
GUM_academic_eegimaa-17	12	meaning	10
GUM_academic_eegimaa-17	14	not	13
GUM_academic_eegimaa-17	13	be	15
GUM_academic_eegimaa-17	10	but	15
GUM_academic_eegimaa-17	15	know	16
GUM_academic_eegimaa-18	3	'	2
GUM_academic_eegimaa-18	4	the	3
GUM_academic_eegimaa-18	2	,	5
GUM_academic_eegimaa-18	1	Kúlaakiay	5
GUM_academic_eegimaa-18	5	language	6
GUM_academic_eegimaa-18	6	of	7
GUM_academic_eegimaa-18	8	of	9
GUM_academic_eegimaa-18	9	Seleki	10
GUM_academic_eegimaa-18	7	village	10
GUM_academic_eegimaa-18	11	Sállagi	10
GUM_academic_eegimaa-18	12	'	11
GUM_academic_eegimaa-18	13	,	11
GUM_academic_eegimaa-18	14	be	13
GUM_academic_eegimaa-18	16	name	15
GUM_academic_eegimaa-18	15	the	17
GUM_academic_eegimaa-18	18	by	19
GUM_academic_eegimaa-18	20	Kaasa	19
GUM_academic_eegimaa-18	21	speaker	20
GUM_academic_eegimaa-18	22	who	23
GUM_academic_eegimaa-18	23	be	21
GUM_academic_eegimaa-18	27	the	26
GUM_academic_eegimaa-18	28	village	26
GUM_academic_eegimaa-18	29	of	30
GUM_academic_eegimaa-18	30	Seleki	31
GUM_academic_eegimaa-18	26	with	31
GUM_academic_eegimaa-18	32	Sállagi	31
GUM_academic_eegimaa-18	34	than	35
GUM_academic_eegimaa-18	33	'	35
GUM_academic_eegimaa-18	35	all	31
GUM_academic_eegimaa-18	36	other	37
GUM_academic_eegimaa-18	38	of	39
GUM_academic_eegimaa-18	40	.	39
GUM_academic_eegimaa-19	1	finally	2
GUM_academic_eegimaa-19	3	Banjal	4
GUM_academic_eegimaa-19	2	,	4
GUM_academic_eegimaa-19	5	Bandial	4
GUM_academic_eegimaa-19	6	'	5
GUM_academic_eegimaa-19	7	the	6
GUM_academic_eegimaa-19	4	/	8
GUM_academic_eegimaa-19	10	the	9
GUM_academic_eegimaa-19	9	of	11
GUM_academic_eegimaa-19	12	of	13
GUM_academic_eegimaa-19	11	village	13
GUM_academic_eegimaa-19	14	'	13
GUM_academic_eegimaa-19	15	,	16
GUM_academic_eegimaa-19	13	Banjal	16
GUM_academic_eegimaa-19	8	language	16
GUM_academic_eegimaa-19	16	the	17
GUM_academic_eegimaa-19	20	all	19
GUM_academic_eegimaa-19	19	of	21
GUM_academic_eegimaa-19	18	popular	21
GUM_academic_eegimaa-19	17	most	21
GUM_academic_eegimaa-19	21	that	22
GUM_academic_eegimaa-19	22	name	23
GUM_academic_eegimaa-19	24	be	23
GUM_academic_eegimaa-19	26	name	25
GUM_academic_eegimaa-19	25	the	27
GUM_academic_eegimaa-19	28	by	29
GUM_academic_eegimaa-19	29	the	30
GUM_academic_eegimaa-19	31	Búluf	30
GUM_academic_eegimaa-19	30	Jóola	32
GUM_academic_eegimaa-19	27	give	32
GUM_academic_eegimaa-19	23	,	32
GUM_academic_eegimaa-19	34	Fogny	33
GUM_academic_eegimaa-19	35	speaker	34
GUM_academic_eegimaa-19	36	to	37
GUM_academic_eegimaa-19	38	person	37
GUM_academic_eegimaa-19	37	Eegimaa	39
GUM_academic_eegimaa-19	33	Jóola	39
GUM_academic_eegimaa-19	32	and	39
GUM_academic_eegimaa-19	39	and	40
GUM_academic_eegimaa-19	40	their	41
GUM_academic_eegimaa-19	43	because	44
GUM_academic_eegimaa-19	45	from	44
GUM_academic_eegimaa-19	46	the	45
GUM_academic_eegimaa-19	44	person	47
GUM_academic_eegimaa-19	48	of	49
GUM_academic_eegimaa-19	47	village	49
GUM_academic_eegimaa-19	50	be	49
GUM_academic_eegimaa-19	51	the	52
GUM_academic_eegimaa-19	52	first	53
GUM_academic_eegimaa-19	49	Banjal	53
GUM_academic_eegimaa-19	42	,	53
GUM_academic_eegimaa-19	41	language	53
GUM_academic_eegimaa-19	54	be	55
GUM_academic_eegimaa-19	55	in	56
GUM_academic_eegimaa-19	53	to	56
GUM_academic_eegimaa-19	58	they	57
GUM_academic_eegimaa-19	59	.	57
GUM_academic_eegimaa-20	2	1	1
GUM_academic_eegimaa-20	3	.	2
GUM_academic_eegimaa-21	4	(	3
GUM_academic_eegimaa-21	6	of	7
GUM_academic_eegimaa-21	5	courtesy	7
GUM_academic_eegimaa-21	8	map	7
GUM_academic_eegimaa-21	9	)	7
GUM_academic_eegimaa-22	2	2	1
GUM_academic_eegimaa-22	3	.	2
GUM_academic_eegimaa-23	2	of	3
GUM_academic_eegimaa-23	1	map	3
GUM_academic_eegimaa-23	3	the	4
GUM_academic_eegimaa-23	5	speak	4
GUM_academic_eegimaa-23	6	area	4
GUM_academic_eegimaa-24	1	village	2
GUM_academic_eegimaa-24	3	be	2
GUM_academic_eegimaa-24	2	name	4
GUM_academic_eegimaa-24	4	write	5
GUM_academic_eegimaa-24	5	use	6
GUM_academic_eegimaa-24	7	usual	6
GUM_academic_eegimaa-24	8	spelling	9
GUM_academic_eegimaa-24	6	their	9
GUM_academic_eegimaa-25	2	Ethnologue	1
GUM_academic_eegimaa-25	3	language	2
GUM_academic_eegimaa-25	4	code	2
GUM_academic_eegimaa-25	5	be	4
GUM_academic_eegimaa-25	6	provide	7
GUM_academic_eegimaa-25	7	for	8
GUM_academic_eegimaa-25	8	language	2
GUM_academic_eegimaa-25	1	the	9
GUM_academic_eegimaa-25	10	that	11
GUM_academic_eegimaa-25	11	have	9
GUM_academic_eegimaa-25	12	they	11
GUM_academic_eegimaa-25	13	.	9
GUM_academic_eegimaa-26	1	language	2
GUM_academic_eegimaa-26	3	be	2
GUM_academic_eegimaa-26	2	name	4
GUM_academic_eegimaa-26	4	write	5
GUM_academic_eegimaa-26	5	follow	6
GUM_academic_eegimaa-26	6	the	7
GUM_academic_eegimaa-26	8	for	9
GUM_academic_eegimaa-26	9	the	7
GUM_academic_eegimaa-26	11	of	12
GUM_academic_eegimaa-26	10	transcription	12
GUM_academic_eegimaa-26	7	recommendation	12
GUM_academic_eegimaa-26	12	national	13
GUM_academic_eegimaa-26	14	of	15
GUM_academic_eegimaa-26	16	,	17
GUM_academic_eegimaa-26	17	Decree	15
GUM_academic_eegimaa-26	18	2005-981	17
GUM_academic_eegimaa-26	19	.	18
GUM_academic_eegimaa-27	2	of	3
GUM_academic_eegimaa-27	1	name	3
GUM_academic_eegimaa-27	3	the	4
GUM_academic_eegimaa-27	6	Mof-Ávvi	5
GUM_academic_eegimaa-27	7	be	6
GUM_academic_eegimaa-27	5	of	8
GUM_academic_eegimaa-27	4	village	8
GUM_academic_eegimaa-27	9	use	8
GUM_academic_eegimaa-27	8	write	10
GUM_academic_eegimaa-27	11	Eegimaa	10
GUM_academic_eegimaa-27	12	orthography	11
GUM_academic_eegimaa-27	10	the	13
GUM_academic_eegimaa-27	14	follow	13
GUM_academic_eegimaa-27	15	the	13
GUM_academic_eegimaa-27	17	of	18
GUM_academic_eegimaa-27	16	pronunciation	18
GUM_academic_eegimaa-27	13	and	18
GUM_academic_eegimaa-27	18	village	19
GUM_academic_eegimaa-27	20	by	21
GUM_academic_eegimaa-27	19	name	21
GUM_academic_eegimaa-27	21	native	22
GUM_academic_eegimaa-27	22	speaker	23
GUM_academic_eegimaa-28	1	Jóola	2
GUM_academic_eegimaa-28	2	language	3
GUM_academic_eegimaa-28	5	be	4
GUM_academic_eegimaa-28	6	closely	7
GUM_academic_eegimaa-28	9	Eegimaa	8
GUM_academic_eegimaa-28	10	include	9
GUM_academic_eegimaa-28	11	Kujireray	12
GUM_academic_eegimaa-28	8	to	12
GUM_academic_eegimaa-28	13	Kuluunaay	14
GUM_academic_eegimaa-28	14	(	12
GUM_academic_eegimaa-28	15	from	14
GUM_academic_eegimaa-28	16	the	15
GUM_academic_eegimaa-28	20	with	19
GUM_academic_eegimaa-28	21	76	20
GUM_academic_eegimaa-28	22	%	21
GUM_academic_eegimaa-28	23	lexical	22
GUM_academic_eegimaa-28	24	similarity	21
GUM_academic_eegimaa-28	19	Brin	25
GUM_academic_eegimaa-28	18	of	25
GUM_academic_eegimaa-28	17	village	25
GUM_academic_eegimaa-28	12	/	25
GUM_academic_eegimaa-28	7	related	25
GUM_academic_eegimaa-28	4	which	25
GUM_academic_eegimaa-28	3	variety	25
GUM_academic_eegimaa-28	25	)	26
GUM_academic_eegimaa-28	27	Gufiñamay	28
GUM_academic_eegimaa-28	26	and	28
GUM_academic_eegimaa-28	29	from	28
GUM_academic_eegimaa-28	30	the	29
GUM_academic_eegimaa-28	34	with	33
GUM_academic_eegimaa-28	35	74	34
GUM_academic_eegimaa-28	36	%	35
GUM_academic_eegimaa-28	37	lexical	36
GUM_academic_eegimaa-28	39	(	38
GUM_academic_eegimaa-28	40	base	39
GUM_academic_eegimaa-28	41	on	42
GUM_academic_eegimaa-28	38	similarity	42
GUM_academic_eegimaa-28	33	Afiniam	42
GUM_academic_eegimaa-28	32	of	42
GUM_academic_eegimaa-28	31	village	42
GUM_academic_eegimaa-28	28	(	42
GUM_academic_eegimaa-28	42	Lewis	43
GUM_academic_eegimaa-28	43	et	44
GUM_academic_eegimaa-28	45	,	46
GUM_academic_eegimaa-28	44	al.	46
GUM_academic_eegimaa-28	47	eds.	46
GUM_academic_eegimaa-28	46	2014	48
GUM_academic_eegimaa-28	48	)	49
GUM_academic_eegimaa-28	49	)	50
GUM_academic_eegimaa-29	1	Gútaamay	2
GUM_academic_eegimaa-29	3	from	2
GUM_academic_eegimaa-29	4	the	3
GUM_academic_eegimaa-29	6	of	7
GUM_academic_eegimaa-29	8	)	7
GUM_academic_eegimaa-29	10	Gulapaoray	11
GUM_academic_eegimaa-29	9	,	11
GUM_academic_eegimaa-29	7	Butam	11
GUM_academic_eegimaa-29	5	village	11
GUM_academic_eegimaa-29	2	(	11
GUM_academic_eegimaa-29	12	from	11
GUM_academic_eegimaa-29	13	the	12
GUM_academic_eegimaa-29	15	Djilapaor	16
GUM_academic_eegimaa-29	14	village	16
GUM_academic_eegimaa-29	11	(	16
GUM_academic_eegimaa-29	16	)	17
GUM_academic_eegimaa-29	18	Gusiilay	19
GUM_academic_eegimaa-29	17	and	19
GUM_academic_eegimaa-29	20	ISO	19
GUM_academic_eegimaa-29	21	639-3	20
GUM_academic_eegimaa-29	19	(	22
GUM_academic_eegimaa-29	23	bsl	24
GUM_academic_eegimaa-29	22	:	24
GUM_academic_eegimaa-29	25	from	24
GUM_academic_eegimaa-29	26	the	25
GUM_academic_eegimaa-29	28	of	29
GUM_academic_eegimaa-29	27	village	29
GUM_academic_eegimaa-29	30	Essil	29
GUM_academic_eegimaa-29	31	be	30
GUM_academic_eegimaa-29	32	also	33
GUM_academic_eegimaa-29	33	other	30
GUM_academic_eegimaa-29	34	language	30
GUM_academic_eegimaa-29	36	to	37
GUM_academic_eegimaa-29	38	.	37
GUM_academic_eegimaa-30	2	be	1
GUM_academic_eegimaa-30	1	they	3
GUM_academic_eegimaa-30	5	of	6
GUM_academic_eegimaa-30	4	north	6
GUM_academic_eegimaa-30	3	locate	6
GUM_academic_eegimaa-30	6	the	7
GUM_academic_eegimaa-30	9	in	8
GUM_academic_eegimaa-30	10	the	9
GUM_academic_eegimaa-30	12	Búluf	11
GUM_academic_eegimaa-30	13	area	12
GUM_academic_eegimaa-30	14	.	12
GUM_academic_eegimaa-31	2	be	1
GUM_academic_eegimaa-31	9	village	8
GUM_academic_eegimaa-31	12	(	11
GUM_academic_eegimaa-31	14	of	15
GUM_academic_eegimaa-31	13	east	15
GUM_academic_eegimaa-31	15	Ziguinchor	16
GUM_academic_eegimaa-31	11	Djifanghor	16
GUM_academic_eegimaa-31	10	like	16
GUM_academic_eegimaa-31	8	in	16
GUM_academic_eegimaa-31	7	community	16
GUM_academic_eegimaa-31	6	Eegimaa	16
GUM_academic_eegimaa-31	5	migrant	16
GUM_academic_eegimaa-31	4	small	16
GUM_academic_eegimaa-31	3	also	16
GUM_academic_eegimaa-31	1	there	16
GUM_academic_eegimaa-31	16	)	17
GUM_academic_eegimaa-31	19	Bourofaye	18
GUM_academic_eegimaa-31	20	(	19
GUM_academic_eegimaa-31	22	of	23
GUM_academic_eegimaa-31	21	south	23
GUM_academic_eegimaa-31	24	)	23
GUM_academic_eegimaa-31	26	where	25
GUM_academic_eegimaa-31	27	they	26
GUM_academic_eegimaa-31	25	,	28
GUM_academic_eegimaa-31	23	Ziguinchor	28
GUM_academic_eegimaa-31	28	cohabit	18
GUM_academic_eegimaa-31	29	with	18
GUM_academic_eegimaa-31	30	speaker	18
GUM_academic_eegimaa-31	31	of	32
GUM_academic_eegimaa-31	33	language	32
GUM_academic_eegimaa-32	1	nowadays	2
GUM_academic_eegimaa-32	3	Eegimaa	2
GUM_academic_eegimaa-32	6	Mof-Ávvi	5
GUM_academic_eegimaa-32	7	live	6
GUM_academic_eegimaa-32	5	from	8
GUM_academic_eegimaa-32	8	outside	9
GUM_academic_eegimaa-32	4	speaker	9
GUM_academic_eegimaa-32	9	their	3
GUM_academic_eegimaa-32	10	homeland	3
GUM_academic_eegimaa-32	14	urban	13
GUM_academic_eegimaa-32	13	in	15
GUM_academic_eegimaa-32	12	generally	15
GUM_academic_eegimaa-32	11	,	15
GUM_academic_eegimaa-32	2	most	15
GUM_academic_eegimaa-32	15	area	16
GUM_academic_eegimaa-32	17	Ziguinchor	16
GUM_academic_eegimaa-32	16	like	18
GUM_academic_eegimaa-32	18	and	19
GUM_academic_eegimaa-32	20	.	19
GUM_academic_eegimaa-33	3	Eegimaa	2
GUM_academic_eegimaa-33	4	use	3
GUM_academic_eegimaa-33	5	the	3
GUM_academic_eegimaa-33	6	term	7
GUM_academic_eegimaa-33	8	(	7
GUM_academic_eegimaa-33	9	mean	10
GUM_academic_eegimaa-33	11	)	10
GUM_academic_eegimaa-33	10	Jóola	12
GUM_academic_eegimaa-33	7	Gújjolaay	12
GUM_academic_eegimaa-33	2	of	12
GUM_academic_eegimaa-33	1	speaker	12
GUM_academic_eegimaa-33	13	refer	14
GUM_academic_eegimaa-33	12	to	14
GUM_academic_eegimaa-33	14	to	15
GUM_academic_eegimaa-33	15	their	16
GUM_academic_eegimaa-33	16	language	17
GUM_academic_eegimaa-33	18	they	17
GUM_academic_eegimaa-33	17	when	19
GUM_academic_eegimaa-33	19	speak	20
GUM_academic_eegimaa-33	20	to	21
GUM_academic_eegimaa-33	21	each	22
GUM_academic_eegimaa-33	22	other	23
GUM_academic_eegimaa-33	24	but	23
GUM_academic_eegimaa-33	23	,	24.1
GUM_academic_eegimaa-33	24.1	use	25
GUM_academic_eegimaa-33	25	Eegimaa	26
GUM_academic_eegimaa-33	26	to	27
GUM_academic_eegimaa-33	27	distinguish	28
GUM_academic_eegimaa-33	29	Jóola	28
GUM_academic_eegimaa-33	31	from	30
GUM_academic_eegimaa-33	30	variety	32
GUM_academic_eegimaa-33	32	that	33
GUM_academic_eegimaa-33	33	of	34
GUM_academic_eegimaa-33	34	other	35
GUM_academic_eegimaa-33	35	Jóola	36
GUM_academic_eegimaa-33	36	people	28
GUM_academic_eegimaa-33	28	their	37
GUM_academic_eegimaa-34	2	be	1
GUM_academic_eegimaa-34	4	endangered	3
GUM_academic_eegimaa-34	5	language	3
GUM_academic_eegimaa-34	3	a	6
GUM_academic_eegimaa-34	6	whose	1
GUM_academic_eegimaa-34	7	transmission	8
GUM_academic_eegimaa-34	8	to	9
GUM_academic_eegimaa-34	11	have	10
GUM_academic_eegimaa-34	12	be	13
GUM_academic_eegimaa-34	13	decline	11
GUM_academic_eegimaa-34	15	in	14
GUM_academic_eegimaa-34	16	the	15
GUM_academic_eegimaa-34	17	last	15
GUM_academic_eegimaa-34	18	decade	15
GUM_academic_eegimaa-34	19	.	15
GUM_academic_eegimaa-35	3	important	4
GUM_academic_eegimaa-35	2	be	4
GUM_academic_eegimaa-35	1	it	4
GUM_academic_eegimaa-35	5	understand	6
GUM_academic_eegimaa-35	4	to	6
GUM_academic_eegimaa-35	7	contact	6
GUM_academic_eegimaa-35	9	of	10
GUM_academic_eegimaa-35	8	situation	10
GUM_academic_eegimaa-35	10	Eegimaa	6
GUM_academic_eegimaa-35	12	because	13
GUM_academic_eegimaa-35	11	,	13
GUM_academic_eegimaa-35	13	some	10
GUM_academic_eegimaa-35	14	of	10
GUM_academic_eegimaa-35	15	the	14
GUM_academic_eegimaa-35	16	ritual	10
GUM_academic_eegimaa-35	17	name	10
GUM_academic_eegimaa-35	6	the	18
GUM_academic_eegimaa-35	19	in	18
GUM_academic_eegimaa-35	20	this	19
GUM_academic_eegimaa-35	21	paper	20
GUM_academic_eegimaa-35	22	come	19
GUM_academic_eegimaa-35	23	from	24
GUM_academic_eegimaa-35	24	other	19
GUM_academic_eegimaa-35	25	language	19
GUM_academic_eegimaa-35	27	from	28
GUM_academic_eegimaa-35	26	or	28
GUM_academic_eegimaa-35	28	neighbour	29
GUM_academic_eegimaa-35	29	community	30
GUM_academic_eegimaa-36	1	this	2
GUM_academic_eegimaa-36	3	be	2
GUM_academic_eegimaa-36	2	name	4
GUM_academic_eegimaa-36	4	give	5
GUM_academic_eegimaa-36	7	Eegimaa	6
GUM_academic_eegimaa-36	6	in	8
GUM_academic_eegimaa-36	5	either	8
GUM_academic_eegimaa-36	10	a	9
GUM_academic_eegimaa-36	11	different	10
GUM_academic_eegimaa-36	12	language	11
GUM_academic_eegimaa-36	13	.	9
GUM_bio_dvorak-1	2	Dvořák	1
GUM_bio_dvorak-2	4	(	3
GUM_bio_dvorak-2	3	Dvořák	5
GUM_bio_dvorak-2	2	Leopold	5
GUM_bio_dvorak-2	1	Antonín	5
GUM_bio_dvorak-2	6	d(ə)ˈvɔːrʒɑːk	5
GUM_bio_dvorak-2	8	-ʒæk	9
GUM_bio_dvorak-2	7	,	9
GUM_bio_dvorak-2	10	d(ə)-VOR-zha(h)k	9
GUM_bio_dvorak-2	9	/	11
GUM_bio_dvorak-2	5	/	11
GUM_bio_dvorak-2	11	;	12
GUM_bio_dvorak-2	12	Czech	13
GUM_bio_dvorak-2	13	:	14
GUM_bio_dvorak-2	17	ˈdvor̝aːk	16
GUM_bio_dvorak-2	16	ˈlɛopolt	18
GUM_bio_dvorak-2	15	ˈantoɲiːn	18
GUM_bio_dvorak-2	14	[	18
GUM_bio_dvorak-2	18	]	19
GUM_bio_dvorak-2	19	;	20
GUM_bio_dvorak-2	21	September	20
GUM_bio_dvorak-2	22	1841	21
GUM_bio_dvorak-2	23	-	22
GUM_bio_dvorak-2	24	1	23
GUM_bio_dvorak-2	26	1904	25
GUM_bio_dvorak-2	25	May	27
GUM_bio_dvorak-2	27	)	23
GUM_bio_dvorak-2	30	Czech	29
GUM_bio_dvorak-2	31	composer	32
GUM_bio_dvorak-2	29	a	32
GUM_bio_dvorak-2	32	.	28
GUM_bio_dvorak-3	1	after	2
GUM_bio_dvorak-3	3	Smetana	2
GUM_bio_dvorak-3	4	,	3
GUM_bio_dvorak-3	5	he	4
GUM_bio_dvorak-3	6	be	5
GUM_bio_dvorak-3	8	next	7
GUM_bio_dvorak-3	11	-	10
GUM_bio_dvorak-3	12	era	11
GUM_bio_dvorak-3	13	composer	11
GUM_bio_dvorak-3	10	Romantic	14
GUM_bio_dvorak-3	9	Czech	14
GUM_bio_dvorak-3	7	the	14
GUM_bio_dvorak-3	2	Bedřich	14
GUM_bio_dvorak-3	15	achieve	16
GUM_bio_dvorak-3	14	to	16
GUM_bio_dvorak-3	17	recognition	16
GUM_bio_dvorak-3	16	worldwide	18
GUM_bio_dvorak-4	1	follow	2-3
GUM_bio_dvorak-4	2	Smetana	3
GUM_bio_dvorak-4	2-3	_	3
GUM_bio_dvorak-4	4	nationalist	3
GUM_bio_dvorak-4	5	example	3
GUM_bio_dvorak-4	8	frequently	7
GUM_bio_dvorak-4	9	employ	7
GUM_bio_dvorak-4	10	aspect	9
GUM_bio_dvorak-4	12	specifically	11
GUM_bio_dvorak-4	13	rhythm	12
GUM_bio_dvorak-4	16	the	15
GUM_bio_dvorak-4	17	folk	16
GUM_bio_dvorak-4	19	of	20
GUM_bio_dvorak-4	18	music	20
GUM_bio_dvorak-4	15	of	20
GUM_bio_dvorak-4	20	Moravia	21
GUM_bio_dvorak-4	14	,	21
GUM_bio_dvorak-4	11	,	21
GUM_bio_dvorak-4	7	Dvořák	21
GUM_bio_dvorak-4	6	,	21
GUM_bio_dvorak-4	3	's	21
GUM_bio_dvorak-4	21	and	22
GUM_bio_dvorak-4	22	his	23
GUM_bio_dvorak-4	25	.	24
GUM_bio_dvorak-5	1	Dvořák	2
GUM_bio_dvorak-5	1-2	_	2
GUM_bio_dvorak-5	3	own	2
GUM_bio_dvorak-5	4	style	2
GUM_bio_dvorak-5	5	have	2
GUM_bio_dvorak-5	6	be	5
GUM_bio_dvorak-5	2	's	7
GUM_bio_dvorak-5	9	''	8
GUM_bio_dvorak-5	8	as	10
GUM_bio_dvorak-5	7	describe	10
GUM_bio_dvorak-5	11	full	10
GUM_bio_dvorak-5	10	the	12
GUM_bio_dvorak-5	13	of	14
GUM_bio_dvorak-5	12	recreation	14
GUM_bio_dvorak-5	15	national	14
GUM_bio_dvorak-5	16	idiom	17
GUM_bio_dvorak-5	17	with	18
GUM_bio_dvorak-5	18	that	19
GUM_bio_dvorak-5	20	the	19
GUM_bio_dvorak-5	21	symphonic	20
GUM_bio_dvorak-5	22	tradition	20
GUM_bio_dvorak-5	19	of	23
GUM_bio_dvorak-5	24	absorb	23
GUM_bio_dvorak-5	25	folk	26
GUM_bio_dvorak-5	23	,	26
GUM_bio_dvorak-5	14	a	26
GUM_bio_dvorak-5	26	influence	27
GUM_bio_dvorak-5	28	find	29
GUM_bio_dvorak-5	27	and	29
GUM_bio_dvorak-5	32	use	31
GUM_bio_dvorak-5	33	they	31
GUM_bio_dvorak-5	34	''	33
GUM_bio_dvorak-5	35	.	36
GUM_bio_dvorak-5	31	of	36
GUM_bio_dvorak-5	37	1	36
GUM_bio_dvorak-5	36	[	38
GUM_bio_dvorak-6	2	Dvořák	1
GUM_bio_dvorak-7	1	Dvořák	2
GUM_bio_dvorak-7	2	display	3
GUM_bio_dvorak-7	3	his	4
GUM_bio_dvorak-7	6	at	7
GUM_bio_dvorak-7	5	gift	7
GUM_bio_dvorak-7	4	musical	7
GUM_bio_dvorak-7	8	early	7
GUM_bio_dvorak-7	7	a	9
GUM_bio_dvorak-7	9	age	10
GUM_bio_dvorak-7	11	be	10
GUM_bio_dvorak-7	10	,	12
GUM_bio_dvorak-7	13	apt	12
GUM_bio_dvorak-7	15	student	16
GUM_bio_dvorak-7	16	from	14
GUM_bio_dvorak-7	18	six	17
GUM_bio_dvorak-7	19	.	18
GUM_bio_dvorak-8	3	public	4
GUM_bio_dvorak-8	2	first	4
GUM_bio_dvorak-8	1	the	4
GUM_bio_dvorak-8	5	of	6
GUM_bio_dvorak-8	6	his	7
GUM_bio_dvorak-8	7	work	4
GUM_bio_dvorak-8	11	in	10
GUM_bio_dvorak-8	12	1872	11
GUM_bio_dvorak-8	10	Prague	13
GUM_bio_dvorak-8	9	in	13
GUM_bio_dvorak-8	8	be	13
GUM_bio_dvorak-8	4	performance	13
GUM_bio_dvorak-8	16	special	15
GUM_bio_dvorak-8	17	success	16
GUM_bio_dvorak-8	18	,	19
GUM_bio_dvorak-8	20	1873	19
GUM_bio_dvorak-8	21	,	22
GUM_bio_dvorak-8	22	when	20
GUM_bio_dvorak-8	23	he	20
GUM_bio_dvorak-8	25	aged	24
GUM_bio_dvorak-8	26	31	25
GUM_bio_dvorak-8	27	.	26
GUM_bio_dvorak-9	1	seek	2
GUM_bio_dvorak-9	2	recognition	3
GUM_bio_dvorak-9	3	beyond	4
GUM_bio_dvorak-9	5	Prague	4
GUM_bio_dvorak-9	6	area	5
GUM_bio_dvorak-9	7	,	5
GUM_bio_dvorak-9	8	he	7
GUM_bio_dvorak-9	9	submit	7
GUM_bio_dvorak-9	10	a	9
GUM_bio_dvorak-9	11	score	12
GUM_bio_dvorak-9	12	of	13
GUM_bio_dvorak-9	13	his	14
GUM_bio_dvorak-9	16	to	15
GUM_bio_dvorak-9	17	a	15
GUM_bio_dvorak-9	18	prize	17
GUM_bio_dvorak-9	21	Germany	20
GUM_bio_dvorak-9	22	,	21
GUM_bio_dvorak-9	23	but	21
GUM_bio_dvorak-9	25	not	24
GUM_bio_dvorak-9	26	win	24
GUM_bio_dvorak-9	27	,	28
GUM_bio_dvorak-9	24	do	28
GUM_bio_dvorak-9	28	and	21
GUM_bio_dvorak-9	30	unreturned	29
GUM_bio_dvorak-9	31	manuscript	32
GUM_bio_dvorak-9	35	rediscover	34
GUM_bio_dvorak-9	36	many	34
GUM_bio_dvorak-9	37	decade	34
GUM_bio_dvorak-9	38	late	37
GUM_bio_dvorak-9	39	.	34
GUM_bio_dvorak-10	2	1874	1
GUM_bio_dvorak-10	3	he	2
GUM_bio_dvorak-10	4	make	2
GUM_bio_dvorak-10	5	a	4
GUM_bio_dvorak-10	6	submission	7
GUM_bio_dvorak-10	7	to	8
GUM_bio_dvorak-10	8	the	9
GUM_bio_dvorak-10	9	Austrian	10
GUM_bio_dvorak-10	12	for	13
GUM_bio_dvorak-10	13	Composition	11
GUM_bio_dvorak-10	14	,	13
GUM_bio_dvorak-10	15	include	14
GUM_bio_dvorak-10	17	of	18
GUM_bio_dvorak-10	16	score	18
GUM_bio_dvorak-10	18	two	13
GUM_bio_dvorak-10	19	further	18
GUM_bio_dvorak-10	20	symphony	18
GUM_bio_dvorak-10	11	Prize	21
GUM_bio_dvorak-10	10	State	21
GUM_bio_dvorak-10	1	in	21
GUM_bio_dvorak-10	21	and	22
GUM_bio_dvorak-10	23	work	22
GUM_bio_dvorak-10	24	.	23
